id_i,id_j,smiles_i,smiles_j,i,j,T_i,T_j,Tanimoto_dist,T_diff
2006810,2006811,O=C1CC(C(=O)O)c2ccccc21,O.O=C1CC(C(=O)O)c2ccccc21,648,649,180.0,-178.0,0.03703703703703709,358.0
7100087,7200402,O=C(OCCCCOC(=O)[C@H](O)C(F)(F)F)[C@@H](O)C(F)(F)F,O=C(OCCCCCCCCCCOC(=O)[C@H](O)C(F)(F)F)[C@H](O)C(F)(F)F,3983,4430,180.0,-110.4,0.045454545454545414,290.4
7245290,7245291,C[NH+](C)c1ccc(N(C(=O)c2c(F)c(F)c(F)c(F)c2F)c2ccccc2)cc1.O.[Cl-],C[NH+](C)c1ccc(N(C(=O)c2c(F)c(F)c(F)c(F)c2F)c2ccccc2)cc1.[Cl-],5019,5020,180.0,-98.0,0.02857142857142858,278.0
2103495,2103496,C[C@@H]([NH3+])c1ccccc1.C[C@H](O)C(=O)[O-],C[C@H](O)C(=O)[O-].C[C@H]([NH3+])c1ccccc1.O,1459,1460,180.0,-47.0,0.038461538461538436,227.0
1513057,1513059,ClCC[NH+]1CCCCC1.O=C(O)c1cc(S(=O)(=O)[O-])ccc1O,ClCC[NH+]1CCCC1.O=C(O)c1cc(S(=O)(=O)[O-])ccc1O,172,174,180.0,-19.0,0.024390243902439046,199.0
7241894,7241895,O.O=C([O-])c1cccc(C(=O)[O-])c1.[NH3+]CCCCC[NH3+],O=C([O-])c1cccc(C(=O)[O-])c1.[NH3+]CCCCC[NH3+],4970,4971,180.0,-3.0,0.038461538461538436,183.0
7100087,7203131,O=C(OCCCCOC(=O)[C@H](O)C(F)(F)F)[C@@H](O)C(F)(F)F,O=C(OCCCCCCCCOC(=O)[C@H](O)C(F)(F)F)[C@H](O)C(F)(F)F,3983,4457,180.0,66.0,0.045454545454545414,114.0
7203127,7203131,O=C(OCCCCOC(=O)[C@H](O)C(F)(F)F)[C@H](O)C(F)(F)F,O=C(OCCCCCCCCOC(=O)[C@H](O)C(F)(F)F)[C@H](O)C(F)(F)F,4455,4457,180.0,66.0,0.045454545454545414,114.0
7227343,7227346,O=C(NCCCCCCNC(=O)c1nccc2ccccc12)c1nccc2ccccc12,O=C(NCCCCNC(=O)c1nccc2ccccc12)c1nccc2ccccc12,4832,4834,180.0,66.0,0.030303030303030276,114.0
1515301,7100087,O=C(OCCCCCCCCOC(=O)[C@H](O)C(F)(F)F)[C@H](O)C(F)(F)F,O=C(OCCCCOC(=O)[C@H](O)C(F)(F)F)[C@@H](O)C(F)(F)F,194,3983,180.0,67.0,0.045454545454545414,113.0
7100087,7100090,O=C(OCCCCOC(=O)[C@H](O)C(F)(F)F)[C@@H](O)C(F)(F)F,O=C(OCCCCCCCOC(=O)C(O)C(F)(F)F)C(O)C(F)(F)F,3983,3986,180.0,68.0,0.045454545454545414,112.0
7100087,7100092,O=C(OCCCCOC(=O)[C@H](O)C(F)(F)F)[C@@H](O)C(F)(F)F,O=C(OCCCCCCCCCOC(=O)[C@H](O)C(F)(F)F)[C@@H](O)C(F)(F)F,3983,3987,180.0,69.0,0.045454545454545414,111.0
7100087,7203129,O=C(OCCCCOC(=O)[C@H](O)C(F)(F)F)[C@@H](O)C(F)(F)F,O=C(OCCCCCCOC(=O)[C@H](O)C(F)(F)F)[C@H](O)C(F)(F)F,3983,4456,180.0,72.0,0.045454545454545414,108.0
7203127,7203129,O=C(OCCCCOC(=O)[C@H](O)C(F)(F)F)[C@H](O)C(F)(F)F,O=C(OCCCCCCOC(=O)[C@H](O)C(F)(F)F)[C@H](O)C(F)(F)F,4455,4456,180.0,72.0,0.045454545454545414,108.0
1542818,1542823,NS(=O)(=O)c1ccccc1Cl.O=C1CCCCCN1,NS(=O)(=O)c1ccccc1Cl.O=C1CCCCN1,268,272,180.0,79.0,0.02857142857142858,101.0
1542816,1542821,NS(=O)(=O)c1ccc(Br)cc1.O=C1CCCCCN1,NS(=O)(=O)c1ccc(Br)cc1.O=C1CCCCN1,267,271,180.0,80.0,0.030303030303030276,100.0
2004922,2019348,O=C([O-])CC(c1ncc[nH]1)c1[nH]cc[nH+]1,O.O=C([O-])CC(c1ncc[nH]1)c1[nH]cc[nH+]1,535,1222,180.0,93.0,0.027027027027026973,87.0
1542814,1542820,NS(=O)(=O)c1ccc(Cl)cc1.O=C1CCCCCN1,NS(=O)(=O)c1ccc(Cl)cc1.O=C1CCCCN1,266,270,180.0,94.0,0.030303030303030276,86.0
7100087,7100089,O=C(OCCCCOC(=O)[C@H](O)C(F)(F)F)[C@@H](O)C(F)(F)F,O=C(OCCCCCCOC(=O)[C@H](O)C(F)(F)F)[C@@H](O)C(F)(F)F,3983,3985,180.0,95.0,0.045454545454545414,85.0
2012199,2012200,CC1=C2C(=O)[C@H]([C@H](C)C(=O)O)CC[C@@]2(C)C=CC1=O,CC1=C2C(=O)[C@H]([C@H](C)C(=O)O)CC[C@@]2(C)C=CC1=O.O,919,920,180.0,96.0,0.025000000000000022,84.0
1100995,1101014,CCCCCNC(N)=O,CCCCCCCCCCCCCCNC(N)=O,33,47,180.0,99.0,0.04761904761904767,81.0
1100995,1100998,CCCCCNC(N)=O,CCCCCCCNC(N)=O,33,35,180.0,101.60000000000002,0.04761904761904767,78.39999999999998
2007077,2007076,C[C@H](C(=O)O)[C@H]1CC[C@H]2[C@@H]3CC[C@H]4CC(=O)CC[C@]4(C)[C@H]3CC[C@]12C.O,C[C@H](C(=O)O)[C@H]1CC[C@H]2[C@@H]3CC[C@H]4CC(=O)CC[C@]4(C)[C@H]3CC[C@]12C,665,5474,180.0,256.0,0.022727272727272707,76.0
1100995,1101007,CCCCCNC(N)=O,CCCCCCCCCCCNC(N)=O,33,40,180.0,106.2,0.04761904761904767,73.8
1100995,1101008,CCCCCNC(N)=O,CCCCCCCCCCCCNC(N)=O,33,41,180.0,106.2,0.04761904761904767,73.8
2206486,4503138,O.OC[C@H]1O[C@@H](O[C@H]2[C@H](O)[C@@H](O)[C@@H](O)O[C@@H]2CO)[C@H](O)[C@@H](O)[C@H]1O,OC[C@H]1O[C@@H](O[C@H]2[C@H](O)[C@@H](O)[C@@H](O)O[C@@H]2CO)[C@H](O)[C@@H](O)[C@H]1O.OC[C@H]1O[C@@H](O[C@H]2[C@H](O)[C@@H](O)[C@H](O)O[C@@H]2CO)[C@H](O)[C@@H](O)[C@H]1O,2024,3609,180.0,107.0,0.03448275862068961,73.0
1100995,1101001,CCCCCNC(N)=O,CCCCCCCCNC(N)=O,33,36,180.0,107.3,0.04761904761904767,72.7
7100087,7100093,O=C(OCCCCOC(=O)[C@H](O)C(F)(F)F)[C@@H](O)C(F)(F)F,O=C(OCCCCCCCCCOC(=O)[C@H](O)C(F)(F)F)[C@@H](O)C(F)(F)F,3983,3988,180.0,110.0,0.045454545454545414,70.0
1503120,1503121,COC(=O)[C@]1(NC(=O)[C@H](CC(C)C)NC(=O)[C@H](CC(C)C)NC(=O)[C@]2(NC(=O)[C@H](CC(C)C)NC(=O)[C@H](CC(C)C)NC(=O)OC(C)(C)C)CC[C@H](OC)C2)CC[C@H](OC)C1,COC(=O)[C@]1(NC(=O)[C@H](CC(C)C)NC(=O)[C@H](CC(C)C)NC(=O)[C@]2(NC(=O)[C@H](CC(C)C)NC(=O)[C@H](CC(C)C)NC(=O)[C@]3(NC(=O)[C@H](CC(C)C)NC(=O)[C@H](CC(C)C)NC(=O)OC(C)(C)C)CC[C@H](OC)C3)CC[C@H](OC)C2)CC[C@H](OC)C1.O.O,58,59,180.0,250.0,0.018181818181818188,70.0
1100995,1101009,CCCCCNC(N)=O,CCCCCCCCCCCCNC(N)=O,33,42,180.0,111.60000000000002,0.04761904761904767,68.39999999999998
1100995,1101010,CCCCCNC(N)=O,CCCCCCCCCCCCCNC(N)=O,33,43,180.0,111.60000000000002,0.04761904761904767,68.39999999999998
1100995,1101011,CCCCCNC(N)=O,CCCCCCCCCCCCCNC(N)=O,33,44,180.0,111.60000000000002,0.04761904761904767,68.39999999999998
1100995,1101002,CCCCCNC(N)=O,CCCCCCCCCNC(N)=O,33,37,180.0,112.3,0.04761904761904767,67.7
1100995,1101004,CCCCCNC(N)=O,CCCCCCCCCCNC(N)=O,33,38,180.0,112.3,0.04761904761904767,67.7
1100995,1101005,CCCCCNC(N)=O,CCCCCCCCCCNC(N)=O,33,39,180.0,112.60000000000002,0.04761904761904767,67.39999999999998
7100087,7100088,O=C(OCCCCOC(=O)[C@H](O)C(F)(F)F)[C@@H](O)C(F)(F)F,O=C(OCCCCCOC(=O)[C@H](O)C(F)(F)F)[C@@H](O)C(F)(F)F,3983,3984,180.0,113.0,0.045454545454545414,67.0
7203127,7203133,O=C(OCCCCOC(=O)[C@H](O)C(F)(F)F)[C@H](O)C(F)(F)F,O=C(OCCCCCCCCCCOC(=O)[C@H](O)C(F)(F)F)[C@H](O)C(F)(F)F,4455,4458,180.0,113.0,0.045454545454545414,67.0
7100087,7203133,O=C(OCCCCOC(=O)[C@H](O)C(F)(F)F)[C@@H](O)C(F)(F)F,O=C(OCCCCCCCCCCOC(=O)[C@H](O)C(F)(F)F)[C@H](O)C(F)(F)F,3983,4458,180.0,113.0,0.045454545454545414,67.0
1100995,1100996,CCCCCNC(N)=O,CCCCCCNC(N)=O,33,34,180.0,113.10000000000002,0.04761904761904767,66.89999999999998
1515301,7203127,O=C(OCCCCCCCCOC(=O)[C@H](O)C(F)(F)F)[C@H](O)C(F)(F)F,O=C(OCCCCOC(=O)[C@H](O)C(F)(F)F)[C@H](O)C(F)(F)F,194,4455,180.0,114.0,0.045454545454545414,66.0
7200402,7203127,O=C(OCCCCCCCCCCOC(=O)[C@H](O)C(F)(F)F)[C@H](O)C(F)(F)F,O=C(OCCCCOC(=O)[C@H](O)C(F)(F)F)[C@H](O)C(F)(F)F,4430,4455,180.0,114.0,0.045454545454545414,66.0
7100088,7203127,O=C(OCCCCCOC(=O)[C@H](O)C(F)(F)F)[C@@H](O)C(F)(F)F,O=C(OCCCCOC(=O)[C@H](O)C(F)(F)F)[C@H](O)C(F)(F)F,3984,4455,180.0,114.0,0.045454545454545414,66.0
7100089,7203127,O=C(OCCCCCCOC(=O)[C@H](O)C(F)(F)F)[C@@H](O)C(F)(F)F,O=C(OCCCCOC(=O)[C@H](O)C(F)(F)F)[C@H](O)C(F)(F)F,3985,4455,180.0,114.0,0.045454545454545414,66.0
7100093,7203127,O=C(OCCCCCCCCCOC(=O)[C@H](O)C(F)(F)F)[C@@H](O)C(F)(F)F,O=C(OCCCCOC(=O)[C@H](O)C(F)(F)F)[C@H](O)C(F)(F)F,3988,4455,180.0,114.0,0.045454545454545414,66.0
7100092,7203127,O=C(OCCCCCCCCCOC(=O)[C@H](O)C(F)(F)F)[C@@H](O)C(F)(F)F,O=C(OCCCCOC(=O)[C@H](O)C(F)(F)F)[C@H](O)C(F)(F)F,3987,4455,180.0,114.0,0.045454545454545414,66.0
7100090,7203127,O=C(OCCCCCCCOC(=O)C(O)C(F)(F)F)C(O)C(F)(F)F,O=C(OCCCCOC(=O)[C@H](O)C(F)(F)F)[C@H](O)C(F)(F)F,3986,4455,180.0,114.0,0.045454545454545414,66.0
1100995,1101013,CCCCCNC(N)=O,CCCCCCCCCCCCCCNC(N)=O,33,46,180.0,114.39999999999998,0.04761904761904767,65.60000000000002
1100995,1101012,CCCCCNC(N)=O,CCCCCCCCCCCCCNC(N)=O,33,45,180.0,114.39999999999998,0.04761904761904767,65.60000000000002
7108389,7108390,CC1CN(c2ccccc2)C(=O)N1c1cccc([N+](=O)[O-])c1,C[C@H]1CN(c2ccccc2)C(=O)N1c1cccc(N2C[C@H](C)N(c3cccc([N+](=O)[O-])c3)C2=O)c1,4059,4060,180.0,224.7,0.04878048780487809,44.69999999999999
1542819,1542824,NS(=O)(=O)c1ccccc1.O=C1CCCCCN1,NS(=O)(=O)c1ccccc1.O=C1CCCCN1,269,273,180.0,217.0,0.032258064516129004,37.0
1551863,1551864,NS(=O)(=O)c1cc2c(cc1Cl)NCNS2(=O)=O.O=C1CCCCN1.O=C1CCCCN1,NS(=O)(=O)c1cc2c(cc1Cl)NCNS2(=O)=O.O=C1CCCCCN1.O=C1CCCCCN1,340,341,180.0,154.14999999999998,0.021739130434782594,25.850000000000023
7117951,7117965,NS(=O)(=O)c1ccc(C(=O)O)cc1.O=C1CCCCCN1.O=C1CCCCCN1,NS(=O)(=O)c1ccc(C(=O)O)cc1.O=C1CCCCN1,4138,4147,180.0,202.15,0.02777777777777779,22.150000000000006
