id,smiles,Br–Br,C–Br,Br–C,C–C,C–Cl,Cl–C,C–F,F–C,C–N,N–C,C–O,O–C,C–P,P–C,C–S,S–C,Cl–Br,Br–Cl,Cl–Cl,F–Br,Br–F,F–Cl,Cl–F,F–F,F–P,P–F,F–S,S–F,H–Br,Br–H,H–C,C–H,H–Cl,Cl–H,H–F,F–H,H–H,H–N,N–H,H–O,O–H,H–P,P–H,H–S,S–H,N–Br,Br–N,N–Cl,Cl–N,N–F,F–N,N–N,N–O,O–N,N–P,P–N,N–S,S–N,O–Br,Br–O,O–Cl,Cl–O,O–F,F–O,O–O,O–P,P–O,O–S,S–O,P–Br,Br–P,P–Cl,Cl–P,P–P,P–S,S–P,S–Br,Br–S,S–Cl,Cl–S,S–S
1008189,OO,0.000,0.000,0.000,0.000,0.000,0.000,0.000,0.000,0.000,0.000,0.000,0.000,0.000,0.000,0.000,0.000,0.000,0.000,0.000,0.000,0.000,0.000,0.000,0.000,0.000,0.000,0.000,0.000,0.000,0.000,0.000,0.000,0.000,0.000,0.000,0.000,3.000,0.000,0.000,4.000,4.000,0.000,0.000,0.000,0.000,0.000,0.000,0.000,0.000,0.000,0.000,0.000,0.000,0.000,0.000,0.000,0.000,0.000,0.000,0.000,0.000,0.000,0.000,0.000,5.000,0.000,0.000,0.000,0.000,0.000,0.000,0.000,0.000,0.000,0.000,0.000,0.000,0.000,0.000,0.000,0.000
1008776,NC(N)=O,0.000,0.000,0.000,0.000,0.000,0.000,0.000,0.000,2.000,1.000,1.000,1.000,0.000,0.000,0.000,0.000,0.000,0.000,0.000,0.000,0.000,0.000,0.000,0.000,0.000,0.000,0.000,0.000,0.000,0.000,1.500,6.000,0.000,0.000,0.000,0.000,1.500,1.500,3.000,1.500,6.000,0.000,0.000,0.000,0.000,0.000,0.000,0.000,0.000,0.000,0.000,1.000,3.000,6.000,0.000,0.000,0.000,0.000,0.000,0.000,0.000,0.000,0.000,0.000,0.000,0.000,0.000,0.000,0.000,0.000,0.000,0.000,0.000,0.000,0.000,0.000,0.000,0.000,0.000,0.000,0.000
1008785,NC(N)=O,0.000,0.000,0.000,0.000,0.000,0.000,0.000,0.000,2.000,1.000,1.000,1.000,0.000,0.000,0.000,0.000,0.000,0.000,0.000,0.000,0.000,0.000,0.000,0.000,0.000,0.000,0.000,0.000,0.000,0.000,1.500,6.000,0.000,0.000,0.000,0.000,1.500,1.500,3.000,1.500,6.000,0.000,0.000,0.000,0.000,0.000,0.000,0.000,0.000,0.000,0.000,1.000,3.000,6.000,0.000,0.000,0.000,0.000,0.000,0.000,0.000,0.000,0.000,0.000,0.000,0.000,0.000,0.000,0.000,0.000,0.000,0.000,0.000,0.000,0.000,0.000,0.000,0.000,0.000,0.000,0.000
1008787,NC(N)=O,0.000,0.000,0.000,0.000,0.000,0.000,0.000,0.000,2.000,1.000,1.000,1.000,0.000,0.000,0.000,0.000,0.000,0.000,0.000,0.000,0.000,0.000,0.000,0.000,0.000,0.000,0.000,0.000,0.000,0.000,1.500,6.000,0.000,0.000,0.000,0.000,1.500,1.500,3.000,1.500,6.000,0.000,0.000,0.000,0.000,0.000,0.000,0.000,0.000,0.000,0.000,1.000,3.000,6.000,0.000,0.000,0.000,0.000,0.000,0.000,0.000,0.000,0.000,0.000,0.000,0.000,0.000,0.000,0.000,0.000,0.000,0.000,0.000,0.000,0.000,0.000,0.000,0.000,0.000,0.000,0.000
1010091,II,0.000,0.000,0.000,0.000,0.000,0.000,0.000,0.000,0.000,0.000,0.000,0.000,0.000,0.000,0.000,0.000,0.000,0.000,0.000,0.000,0.000,0.000,0.000,0.000,0.000,0.000,0.000,0.000,0.000,0.000,0.000,0.000,0.000,0.000,0.000,0.000,0.000,0.000,0.000,0.000,0.000,0.000,0.000,0.000,0.000,0.000,0.000,0.000,0.000,0.000,0.000,0.000,0.000,0.000,0.000,0.000,0.000,0.000,0.000,0.000,0.000,0.000,0.000,0.000,0.000,0.000,0.000,0.000,0.000,0.000,0.000,0.000,0.000,0.000,0.000,0.000,0.000,0.000,0.000,0.000,0.000
1008775,NC(N)=O,0.000,0.000,0.000,0.000,0.000,0.000,0.000,0.000,2.000,1.000,1.000,1.000,0.000,0.000,0.000,0.000,0.000,0.000,0.000,0.000,0.000,0.000,0.000,0.000,0.000,0.000,0.000,0.000,0.000,0.000,1.500,6.000,0.000,0.000,0.000,0.000,1.500,1.500,3.000,1.500,6.000,0.000,0.000,0.000,0.000,0.000,0.000,0.000,0.000,0.000,0.000,1.000,3.000,6.000,0.000,0.000,0.000,0.000,0.000,0.000,0.000,0.000,0.000,0.000,0.000,0.000,0.000,0.000,0.000,0.000,0.000,0.000,0.000,0.000,0.000,0.000,0.000,0.000,0.000,0.000,0.000
1008786,NC(N)=O,0.000,0.000,0.000,0.000,0.000,0.000,0.000,0.000,2.000,1.000,1.000,1.000,0.000,0.000,0.000,0.000,0.000,0.000,0.000,0.000,0.000,0.000,0.000,0.000,0.000,0.000,0.000,0.000,0.000,0.000,1.500,6.000,0.000,0.000,0.000,0.000,1.500,1.500,3.000,1.500,6.000,0.000,0.000,0.000,0.000,0.000,0.000,0.000,0.000,0.000,0.000,1.000,3.000,6.000,0.000,0.000,0.000,0.000,0.000,0.000,0.000,0.000,0.000,0.000,0.000,0.000,0.000,0.000,0.000,0.000,0.000,0.000,0.000,0.000,0.000,0.000,0.000,0.000,0.000,0.000,0.000
1010096,BrBr,3.000,0.000,0.000,0.000,0.000,0.000,0.000,0.000,0.000,0.000,0.000,0.000,0.000,0.000,0.000,0.000,0.000,0.000,0.000,0.000,0.000,0.000,0.000,0.000,0.000,0.000,0.000,0.000,0.000,0.000,0.000,0.000,0.000,0.000,0.000,0.000,0.000,0.000,0.000,0.000,0.000,0.000,0.000,0.000,0.000,0.000,0.000,0.000,0.000,0.000,0.000,0.000,0.000,0.000,0.000,0.000,0.000,0.000,0.000,0.000,0.000,0.000,0.000,0.000,0.000,0.000,0.000,0.000,0.000,0.000,0.000,0.000,0.000,0.000,0.000,0.000,0.000,0.000,0.000,0.000,0.000
1010060,O=C=O,0.000,0.000,0.000,0.000,0.000,0.000,0.000,0.000,0.000,0.000,8.000,4.000,0.000,0.000,0.000,0.000,0.000,0.000,0.000,0.000,0.000,0.000,0.000,0.000,0.000,0.000,0.000,0.000,0.000,0.000,0.000,0.000,0.000,0.000,0.000,0.000,0.000,0.000,0.000,0.000,0.000,0.000,0.000,0.000,0.000,0.000,0.000,0.000,0.000,0.000,0.000,0.000,0.000,0.000,0.000,0.000,0.000,0.000,0.000,0.000,0.000,0.000,0.000,0.000,1.000,0.000,0.000,0.000,0.000,0.000,0.000,0.000,0.000,0.000,0.000,0.000,0.000,0.000,0.000,0.000,0.000
1010150,O=C=O,0.000,0.000,0.000,0.000,0.000,0.000,0.000,0.000,0.000,0.000,8.000,4.000,0.000,0.000,0.000,0.000,0.000,0.000,0.000,0.000,0.000,0.000,0.000,0.000,0.000,0.000,0.000,0.000,0.000,0.000,0.000,0.000,0.000,0.000,0.000,0.000,0.000,0.000,0.000,0.000,0.000,0.000,0.000,0.000,0.000,0.000,0.000,0.000,0.000,0.000,0.000,0.000,0.000,0.000,0.000,0.000,0.000,0.000,0.000,0.000,0.000,0.000,0.000,0.000,1.000,0.000,0.000,0.000,0.000,0.000,0.000,0.000,0.000,0.000,0.000,0.000,0.000,0.000,0.000,0.000,0.000
1010489,O=C=O,0.000,0.000,0.000,0.000,0.000,0.000,0.000,0.000,0.000,0.000,8.000,4.000,0.000,0.000,0.000,0.000,0.000,0.000,0.000,0.000,0.000,0.000,0.000,0.000,0.000,0.000,0.000,0.000,0.000,0.000,0.000,0.000,0.000,0.000,0.000,0.000,0.000,0.000,0.000,0.000,0.000,0.000,0.000,0.000,0.000,0.000,0.000,0.000,0.000,0.000,0.000,0.000,0.000,0.000,0.000,0.000,0.000,0.000,0.000,0.000,0.000,0.000,0.000,0.000,6.000,0.000,0.000,0.000,0.000,0.000,0.000,0.000,0.000,0.000,0.000,0.000,0.000,0.000,0.000,0.000,0.000
1010492,O=C=O,0.000,0.000,0.000,0.000,0.000,0.000,0.000,0.000,0.000,0.000,8.000,4.000,0.000,0.000,0.000,0.000,0.000,0.000,0.000,0.000,0.000,0.000,0.000,0.000,0.000,0.000,0.000,0.000,0.000,0.000,0.000,0.000,0.000,0.000,0.000,0.000,0.000,0.000,0.000,0.000,0.000,0.000,0.000,0.000,0.000,0.000,0.000,0.000,0.000,0.000,0.000,0.000,0.000,0.000,0.000,0.000,0.000,0.000,0.000,0.000,0.000,0.000,0.000,0.000,1.000,0.000,0.000,0.000,0.000,0.000,0.000,0.000,0.000,0.000,0.000,0.000,0.000,0.000,0.000,0.000,0.000
1010068,ClCl,0.000,0.000,0.000,0.000,0.000,0.000,0.000,0.000,0.000,0.000,0.000,0.000,0.000,0.000,0.000,0.000,0.000,0.000,5.000,0.000,0.000,0.000,0.000,0.000,0.000,0.000,0.000,0.000,0.000,0.000,0.000,0.000,0.000,0.000,0.000,0.000,0.000,0.000,0.000,0.000,0.000,0.000,0.000,0.000,0.000,0.000,0.000,0.000,0.000,0.000,0.000,0.000,0.000,0.000,0.000,0.000,0.000,0.000,0.000,0.000,0.000,0.000,0.000,0.000,0.000,0.000,0.000,0.000,0.000,0.000,0.000,0.000,0.000,0.000,0.000,0.000,0.000,0.000,0.000,0.000,0.000
1010328,ClCl,0.000,0.000,0.000,0.000,0.000,0.000,0.000,0.000,0.000,0.000,0.000,0.000,0.000,0.000,0.000,0.000,0.000,0.000,5.000,0.000,0.000,0.000,0.000,0.000,0.000,0.000,0.000,0.000,0.000,0.000,0.000,0.000,0.000,0.000,0.000,0.000,0.000,0.000,0.000,0.000,0.000,0.000,0.000,0.000,0.000,0.000,0.000,0.000,0.000,0.000,0.000,0.000,0.000,0.000,0.000,0.000,0.000,0.000,0.000,0.000,0.000,0.000,0.000,0.000,0.000,0.000,0.000,0.000,0.000,0.000,0.000,0.000,0.000,0.000,0.000,0.000,0.000,0.000,0.000,0.000,0.000
1010471,ClCl,0.000,0.000,0.000,0.000,0.000,0.000,0.000,0.000,0.000,0.000,0.000,0.000,0.000,0.000,0.000,0.000,0.000,0.000,5.000,0.000,0.000,0.000,0.000,0.000,0.000,0.000,0.000,0.000,0.000,0.000,0.000,0.000,0.000,0.000,0.000,0.000,0.000,0.000,0.000,0.000,0.000,0.000,0.000,0.000,0.000,0.000,0.000,0.000,0.000,0.000,0.000,0.000,0.000,0.000,0.000,0.000,0.000,0.000,0.000,0.000,0.000,0.000,0.000,0.000,0.000,0.000,0.000,0.000,0.000,0.000,0.000,0.000,0.000,0.000,0.000,0.000,0.000,0.000,0.000,0.000,0.000
1010496,O=C=O,0.000,0.000,0.000,0.000,0.000,0.000,0.000,0.000,0.000,0.000,8.000,4.000,0.000,0.000,0.000,0.000,0.000,0.000,0.000,0.000,0.000,0.000,0.000,0.000,0.000,0.000,0.000,0.000,0.000,0.000,0.000,0.000,0.000,0.000,0.000,0.000,0.000,0.000,0.000,0.000,0.000,0.000,0.000,0.000,0.000,0.000,0.000,0.000,0.000,0.000,0.000,0.000,0.000,0.000,0.000,0.000,0.000,0.000,0.000,0.000,0.000,0.000,0.000,0.000,1.000,0.000,0.000,0.000,0.000,0.000,0.000,0.000,0.000,0.000,0.000,0.000,0.000,0.000,0.000,0.000,0.000
1010498,O=C=O,0.000,0.000,0.000,0.000,0.000,0.000,0.000,0.000,0.000,0.000,8.000,4.000,0.000,0.000,0.000,0.000,0.000,0.000,0.000,0.000,0.000,0.000,0.000,0.000,0.000,0.000,0.000,0.000,0.000,0.000,0.000,0.000,0.000,0.000,0.000,0.000,0.000,0.000,0.000,0.000,0.000,0.000,0.000,0.000,0.000,0.000,0.000,0.000,0.000,0.000,0.000,0.000,0.000,0.000,0.000,0.000,0.000,0.000,0.000,0.000,0.000,0.000,0.000,0.000,1.000,0.000,0.000,0.000,0.000,0.000,0.000,0.000,0.000,0.000,0.000,0.000,0.000,0.000,0.000,0.000,0.000
1011063,O,0.000,0.000,0.000,0.000,0.000,0.000,0.000,0.000,0.000,0.000,0.000,0.000,0.000,0.000,0.000,0.000,0.000,0.000,0.000,0.000,0.000,0.000,0.000,0.000,0.000,0.000,0.000,0.000,0.000,0.000,0.000,0.000,0.000,0.000,0.000,0.000,5.057,0.000,0.000,2.933,6.000,0.000,0.000,0.000,0.000,0.000,0.000,0.000,0.000,0.000,0.000,0.000,0.000,0.000,0.000,0.000,0.000,0.000,0.000,0.000,0.000,0.000,0.000,0.000,4.000,0.000,0.000,0.000,0.000,0.000,0.000,0.000,0.000,0.000,0.000,0.000,0.000,0.000,0.000,0.000,0.000
1011023,O,0.000,0.000,0.000,0.000,0.000,0.000,0.000,0.000,0.000,0.000,0.000,0.000,0.000,0.000,0.000,0.000,0.000,0.000,0.000,0.000,0.000,0.000,0.000,0.000,0.000,0.000,0.000,0.000,0.000,0.000,0.000,0.000,0.000,0.000,0.000,0.000,5.000,0.000,0.000,2.000,4.000,0.000,0.000,0.000,0.000,0.000,0.000,0.000,0.000,0.000,0.000,0.000,0.000,0.000,0.000,0.000,0.000,0.000,0.000,0.000,0.000,0.000,0.000,0.000,4.000,0.000,0.000,0.000,0.000,0.000,0.000,0.000,0.000,0.000,0.000,0.000,0.000,0.000,0.000,0.000,0.000
1011024,O,0.000,0.000,0.000,0.000,0.000,0.000,0.000,0.000,0.000,0.000,0.000,0.000,0.000,0.000,0.000,0.000,0.000,0.000,0.000,0.000,0.000,0.000,0.000,0.000,0.000,0.000,0.000,0.000,0.000,0.000,0.000,0.000,0.000,0.000,0.000,0.000,3.104,0.000,0.000,2.575,5.000,0.000,0.000,0.000,0.000,0.000,0.000,0.000,0.000,0.000,0.000,0.000,0.000,0.000,0.000,0.000,0.000,0.000,0.000,0.000,0.000,0.000,0.000,0.000,4.000,0.000,0.000,0.000,0.000,0.000,0.000,0.000,0.000,0.000,0.000,0.000,0.000,0.000,0.000,0.000,0.000
1100221,O=C1N[C@@H]2[C@H](Cl)CCC[C@@H]2O1.O=C1N[C@H]2[C@@H](Cl)CCC[C@H]2O1,0.000,0.000,0.000,5.147,0.588,3.000,0.000,0.000,0.921,6.000,0.632,2.000,0.000,0.000,0.000,0.000,0.000,0.000,0.000,0.000,0.000,0.000,0.000,0.000,0.000,0.000,0.000,0.000,0.000,0.000,4.229,5.913,0.514,5.000,0.000,0.000,2.467,0.211,2.000,0.692,3.500,0.000,0.000,0.000,0.000,0.000,0.000,1.000,1.000,0.000,0.000,0.000,3.000,1.667,0.000,0.000,0.000,0.000,0.000,0.000,0.000,0.000,0.000,0.000,1.000,0.000,0.000,0.000,0.000,0.000,0.000,0.000,0.000,0.000,0.000,0.000,0.000,0.000,0.000,0.000,0.000
1100222,O=C1N[C@@H]2[C@@H](Cl)CCC=CC[C@H]2O1.O=C1N[C@H]2[C@H](Cl)CCC=CC[C@@H]2O1,0.000,0.000,0.000,6.000,0.333,3.000,0.000,0.000,0.432,4.000,0.541,2.333,0.000,0.000,0.000,0.000,0.000,0.000,0.000,0.000,0.000,0.000,0.000,0.000,0.000,0.000,0.000,0.000,0.000,0.000,4.217,5.767,0.504,6.000,0.000,0.000,1.965,0.295,3.000,0.590,3.381,0.000,0.000,0.000,0.000,0.000,0.000,1.000,1.000,0.000,0.000,0.000,3.000,1.556,0.000,0.000,0.000,0.000,0.000,0.000,0.000,0.000,0.000,0.000,1.000,0.000,0.000,0.000,0.000,0.000,0.000,0.000,0.000,0.000,0.000,0.000,0.000,0.000,0.000,0.000,0.000
1100123,CC(C)(C)O[C@@H]1C[C@H](COCc2ccccc2)OC(=O)CCCC[C@H]1I.CC(C)(C)O[C@H]1C[C@@H](COCc2ccccc2)OC(=O)CCCC[C@@H]1I,0.000,0.000,0.000,5.211,0.000,0.000,0.000,0.000,0.000,0.000,1.268,6.750,0.000,0.000,0.000,0.000,0.000,0.000,0.000,0.000,0.000,0.000,0.000,0.000,0.000,0.000,0.000,0.000,0.000,0.000,3.971,5.977,0.000,0.000,0.000,0.000,2.569,0.000,0.000,0.712,5.750,0.000,0.000,0.000,0.000,0.000,0.000,0.000,0.000,0.000,0.000,0.000,0.000,0.000,0.000,0.000,0.000,0.000,0.000,0.000,0.000,0.000,0.000,0.000,1.000,0.000,0.000,0.000,0.000,0.000,0.000,0.000,0.000,0.000,0.000,0.000,0.000,0.000,0.000,0.000,0.000
1100223,O=C1N[C@H]2[C@H](CC=CCC[C@@H]2Cl)O1.O=C1N[C@H]2[C@H](Cl)CCC=CC[C@H]2O1,0.000,0.000,0.000,5.531,0.312,3.000,0.000,0.000,0.441,4.000,0.559,2.500,0.000,0.000,0.000,0.000,0.000,0.000,0.000,0.000,0.000,0.000,0.000,0.000,0.000,0.000,0.000,0.000,0.000,0.000,4.228,5.700,0.364,4.000,0.000,0.000,1.865,0.261,3.000,0.721,4.000,0.000,0.000,0.000,0.000,0.000,0.000,1.000,1.000,0.000,0.000,0.000,3.000,1.500,0.000,0.000,0.000,0.000,0.000,0.000,0.000,0.000,0.000,0.000,1.000,0.000,0.000,0.000,0.000,0.000,0.000,0.000,0.000,0.000,0.000,0.000,0.000,0.000,0.000,0.000,0.000
1100225,CCCC1OC(=O)N/C1=C(\Cl)c1ccccc1,0.000,0.000,0.000,5.538,0.308,4.000,0.000,0.000,0.321,4.000,0.491,3.222,0.000,0.000,0.000,0.000,0.000,0.000,0.000,0.000,0.000,0.000,0.000,0.000,0.000,0.000,0.000,0.000,0.000,0.000,3.703,4.035,0.279,3.000,0.000,0.000,2.443,0.097,1.000,0.466,3.000,0.000,0.000,0.000,0.000,0.000,0.000,1.000,1.000,0.000,0.000,0.000,3.000,1.500,0.000,0.000,0.000,0.000,0.000,0.000,0.000,0.000,0.000,0.000,1.000,0.000,0.000,0.000,0.000,0.000,0.000,0.000,0.000,0.000,0.000,0.000,0.000,0.000,0.000,0.000,0.000
1100226,CCOC1(C2CCCCC2)OC(=O)N/C1=C\C(C)(C)C,0.000,0.000,0.000,5.271,0.000,0.000,0.000,0.000,0.291,6.000,1.061,5.000,0.000,0.000,0.000,0.000,0.000,0.000,0.000,0.000,0.000,0.000,0.000,0.000,0.000,0.000,0.000,0.000,0.000,0.000,4.240,6.981,0.000,0.000,0.000,0.000,2.678,0.054,2.000,0.538,4.286,0.000,0.000,0.000,0.000,0.000,0.000,0.000,0.000,0.000,0.000,0.000,3.000,1.000,0.000,0.000,0.000,0.000,0.000,0.000,0.000,0.000,0.000,0.000,1.333,0.000,0.000,0.000,0.000,0.000,0.000,0.000,0.000,0.000,0.000,0.000,0.000,0.000,0.000,0.000,0.000
1000019,CN(C)c1ccc(/C=C/C(=O)c2ccccc2O)cc1,0.000,0.000,0.000,5.633,0.000,0.000,0.000,0.000,0.265,5.000,0.612,4.400,0.000,0.000,0.000,0.000,0.000,0.000,0.000,0.000,0.000,0.000,0.000,0.000,0.000,0.000,0.000,0.000,0.000,0.000,3.603,3.690,0.000,0.000,0.000,0.000,1.888,0.460,8.000,0.323,2.600,0.000,0.000,0.000,0.000,0.000,0.000,0.000,0.000,0.000,0.000,0.000,0.000,0.000,0.000,0.000,0.000,0.000,0.000,0.000,0.000,0.000,0.000,0.000,1.000,0.000,0.000,0.000,0.000,0.000,0.000,0.000,0.000,0.000,0.000,0.000,0.000,0.000,0.000,0.000,0.000
1000018,CC1(C)[C@@H]2CC[C@]3(C2)[C@H](O)CC[C@@H](O)[C@]13O.CC1(C)[C@H]2CC[C@@]3(C2)[C@@H](O)CC[C@H](O)[C@@]13O,0.000,0.000,0.000,7.771,0.000,0.000,0.000,0.000,0.000,0.000,1.355,6.182,0.000,0.000,0.000,0.000,0.000,0.000,0.000,0.000,0.000,0.000,0.000,0.000,0.000,0.000,0.000,0.000,0.000,0.000,4.679,7.639,0.000,0.000,0.000,0.000,2.733,0.000,0.000,0.856,6.605,0.000,0.000,0.000,0.000,0.000,0.000,0.000,0.000,0.000,0.000,0.000,0.000,0.000,0.000,0.000,0.000,0.000,0.000,0.000,0.000,0.000,0.000,0.000,2.545,0.000,0.000,0.000,0.000,0.000,0.000,0.000,0.000,0.000,0.000,0.000,0.000,0.000,0.000,0.000,0.000
1100244,CN1[C@H](Cc2ccccc2)C[C@H](O)[C@@H]1Cc1ccccc1,0.000,0.000,0.000,6.153,0.000,0.000,0.000,0.000,0.316,7.000,0.242,6.000,0.000,0.000,0.000,0.000,0.000,0.000,0.000,0.000,0.000,0.000,0.000,0.000,0.000,0.000,0.000,0.000,0.000,0.000,4.024,4.574,0.000,0.000,0.000,0.000,2.117,0.368,8.000,0.222,5.000,0.000,0.000,0.000,0.000,0.000,0.000,0.000,0.000,0.000,0.000,0.000,1.000,1.000,0.000,0.000,0.000,0.000,0.000,0.000,0.000,0.000,0.000,0.000,2.000,0.000,0.000,0.000,0.000,0.000,0.000,0.000,0.000,0.000,0.000,0.000,0.000,0.000,0.000,0.000,0.000
1100228,C[C@@H]1CC(=O)N[C@@H]2[C@H]1OC2(c1ccccc1)c1ccccc1.C[C@H]1CC(=O)N[C@H]2[C@@H]1OC2(c1ccccc1)c1ccccc1,0.000,0.000,0.000,6.911,0.000,0.000,0.000,0.000,0.400,8.000,0.540,5.818,0.000,0.000,0.000,0.000,0.000,0.000,0.000,0.000,0.000,0.000,0.000,0.000,0.000,0.000,0.000,0.000,0.000,0.000,3.774,3.747,0.000,0.000,0.000,0.000,1.911,0.146,3.000,0.524,5.600,0.000,0.000,0.000,0.000,0.000,0.000,0.000,0.000,0.000,0.000,0.000,2.000,0.909,0.000,0.000,0.000,0.000,0.000,0.000,0.000,0.000,0.000,0.000,0.000,0.000,0.000,0.000,0.000,0.000,0.000,0.000,0.000,0.000,0.000,0.000,0.000,0.000,0.000,0.000,0.000
1100665,c1c[nH]cn1,0.000,0.000,0.000,3.559,0.353,3.000,0.000,0.000,1.184,5.000,0.231,2.000,0.000,0.000,0.000,0.000,0.000,0.000,0.000,0.000,0.000,0.000,0.000,0.000,0.000,0.000,0.000,0.000,0.000,0.000,3.647,5.389,0.000,0.000,0.000,0.000,3.287,0.317,2.000,0.174,2.000,0.000,0.000,0.000,0.000,0.000,0.000,0.500,1.000,0.000,0.000,2.000,0.500,1.000,0.000,0.000,0.000,0.000,0.000,0.000,0.000,0.000,0.000,0.000,0.000,0.000,0.000,0.000,0.000,0.000,0.000,0.000,0.000,0.000,0.000,0.000,0.000,0.000,0.000,0.000,0.000
1100235,C[C@@H]1CC(=O)CC[C@H]1[C@@H]1CCC(=O)C[C@H]1C.C[C@H]1CC(=O)CC[C@@H]1[C@H]1CCC(=O)C[C@@H]1C,0.000,0.000,0.000,6.934,0.000,0.000,0.000,0.000,0.000,0.000,0.500,3.500,0.000,0.000,0.000,0.000,0.000,0.000,0.000,0.000,0.000,0.000,0.000,0.000,0.000,0.000,0.000,0.000,0.000,0.000,5.270,8.181,0.000,0.000,0.000,0.000,2.745,0.000,0.000,0.277,3.000,0.000,0.000,0.000,0.000,0.000,0.000,0.000,0.000,0.000,0.000,0.000,0.000,0.000,0.000,0.000,0.000,0.000,0.000,0.000,0.000,0.000,0.000,0.000,0.000,0.000,0.000,0.000,0.000,0.000,0.000,0.000,0.000,0.000,0.000,0.000,0.000,0.000,0.000,0.000,0.000
1100220,C[C@@H]1OC(=O)N[C@H]1[C@H](Cl)c1ccccc1.C[C@H]1OC(=O)N[C@@H]1[C@@H](Cl)c1ccccc1,0.000,0.000,0.000,5.277,0.370,4.000,0.000,0.000,0.375,4.000,0.458,2.500,0.000,0.000,0.000,0.000,0.000,0.000,0.000,0.000,0.000,0.000,0.000,0.000,0.000,0.000,0.000,0.000,0.000,0.000,3.980,4.413,0.300,4.000,0.000,0.000,1.728,0.266,3.000,0.575,3.000,0.000,0.000,0.000,0.000,0.000,0.000,1.000,1.000,0.000,0.000,0.000,3.000,1.500,0.000,0.000,0.000,0.000,0.000,0.000,0.000,0.000,0.000,0.000,1.000,0.000,0.000,0.000,0.000,0.000,0.000,0.000,0.000,0.000,0.000,0.000,0.000,0.000,0.000,0.000,0.000
1100229,ClC(Cl)Cl.ClC(Cl)Cl.O=C1CC[C@@H]2OC(c3ccccc3)(c3ccccc3)[C@@H]2N1.O=C1CC[C@H]2OC(c3ccccc3)(c3ccccc3)[C@H]2N1,0.000,0.000,0.000,6.561,0.164,1.143,0.000,0.000,0.421,8.000,0.611,6.000,0.000,0.000,0.000,0.000,0.000,0.000,2.357,0.000,0.000,0.000,0.000,0.000,0.000,0.000,0.000,0.000,0.000,0.000,3.644,3.493,0.191,1.267,0.000,0.000,2.017,0.203,2.771,0.540,4.464,0.000,0.000,0.000,0.000,0.000,0.000,0.000,0.000,0.000,0.000,0.000,2.000,1.000,0.000,0.000,0.000,0.000,0.000,0.000,0.000,0.000,0.000,0.000,0.000,0.000,0.000,0.000,0.000,0.000,0.000,0.000,0.000,0.000,0.000,0.000,0.000,0.000,0.000,0.000,0.000
1100686,Nc1nccnn1,0.000,0.000,0.000,2.294,0.000,0.000,0.000,0.000,3.294,2.400,0.000,0.000,0.000,0.000,0.000,0.000,0.000,0.000,0.000,0.000,0.000,0.000,0.000,0.000,0.000,0.000,0.000,0.000,0.000,0.000,1.538,2.000,0.000,0.000,0.000,0.000,1.000,2.333,2.200,0.000,0.000,0.000,0.000,0.000,0.000,0.000,0.000,0.000,0.000,0.000,0.000,3.480,0.000,0.000,0.000,0.000,0.000,0.000,0.000,0.000,0.000,0.000,0.000,0.000,0.000,0.000,0.000,0.000,0.000,0.000,0.000,0.000,0.000,0.000,0.000,0.000,0.000,0.000,0.000,0.000,0.000
1100666,CCOC(=O)c1cc2ccccc2oc1=O,0.000,0.000,0.000,5.205,0.000,0.000,0.000,0.000,0.000,0.000,1.468,4.556,0.000,0.000,0.000,0.000,0.000,0.000,0.000,0.000,0.000,0.000,0.000,0.000,0.000,0.000,0.000,0.000,0.000,0.000,3.036,2.532,0.000,0.000,0.000,0.000,2.049,0.000,0.000,1.078,2.556,0.000,0.000,0.000,0.000,0.000,0.000,0.000,0.000,0.000,0.000,0.000,0.000,0.000,0.000,0.000,0.000,0.000,0.000,0.000,0.000,0.000,0.000,0.000,1.419,0.000,0.000,0.000,0.000,0.000,0.000,0.000,0.000,0.000,0.000,0.000,0.000,0.000,0.000,0.000,0.000
1100989,CCNC(N)=O,0.000,0.000,0.000,2.000,0.000,0.000,0.000,0.000,1.308,2.000,0.692,2.000,0.000,0.000,0.000,0.000,0.000,0.000,0.000,0.000,0.000,0.000,0.000,0.000,0.000,0.000,0.000,0.000,0.000,0.000,1.918,5.385,0.000,0.000,0.000,0.000,2.544,1.118,4.043,0.729,5.000,0.000,0.000,0.000,0.000,0.000,0.000,0.000,0.000,0.000,0.000,1.000,2.500,5.000,0.000,0.000,0.000,0.000,0.000,0.000,0.000,0.000,0.000,0.000,0.000,0.000,0.000,0.000,0.000,0.000,0.000,0.000,0.000,0.000,0.000,0.000,0.000,0.000,0.000,0.000,0.000
1100188,C[C@@]12CNC(=O)[C@@](C)(C1)C[C@](C)(c1nc3cc4ccccc4cc3o1)C2.C[C@]12CNC(=O)[C@](C)(C1)C[C@@](C)(c1nc3cc4ccccc4cc3o1)C2,0.000,0.000,0.000,7.083,0.000,0.000,0.000,0.000,0.655,8.000,0.494,6.500,0.000,0.000,0.000,0.000,0.000,0.000,0.000,0.000,0.000,0.000,0.000,0.000,0.000,0.000,0.000,0.000,0.000,0.000,4.693,4.976,0.000,0.000,0.000,0.000,1.699,0.214,3.000,0.179,2.500,0.000,0.000,0.000,0.000,0.000,0.000,0.000,0.000,0.000,0.000,0.000,1.545,1.500,0.000,0.000,0.000,0.000,0.000,0.000,0.000,0.000,0.000,0.000,0.000,0.000,0.000,0.000,0.000,0.000,0.000,0.000,0.000,0.000,0.000,0.000,0.000,0.000,0.000,0.000,0.000
1100227,C[C@@]12CNC(=O)[C@@](C)(C1)C[C@](C)(C(=O)Oc1cccc(C=O)c1)C2.C[C@]12CNC(=O)[C@](C)(C1)C[C@@](C)(C(=O)Oc1cccc(C=O)c1)C2,0.000,0.000,0.000,6.788,0.000,0.000,0.000,0.000,0.486,9.000,1.082,5.158,0.000,0.000,0.000,0.000,0.000,0.000,0.000,0.000,0.000,0.000,0.000,0.000,0.000,0.000,0.000,0.000,0.000,0.000,4.556,5.760,0.000,0.000,0.000,0.000,2.028,0.135,3.000,0.606,3.526,0.000,0.000,0.000,0.000,0.000,0.000,0.000,0.000,0.000,0.000,0.000,2.000,0.526,0.000,0.000,0.000,0.000,0.000,0.000,0.000,0.000,0.000,0.000,0.474,0.000,0.000,0.000,0.000,0.000,0.000,0.000,0.000,0.000,0.000,0.000,0.000,0.000,0.000,0.000,0.000
1100992,CCCCNC(N)=O,0.000,0.000,0.000,2.355,0.000,0.000,0.000,0.000,0.667,1.909,0.333,2.000,0.000,0.000,0.000,0.000,0.000,0.000,0.000,0.000,0.000,0.000,0.000,0.000,0.000,0.000,0.000,0.000,0.000,0.000,2.905,7.538,0.000,0.000,0.000,0.000,2.217,0.896,4.500,0.571,6.000,0.000,0.000,0.000,0.000,0.000,0.000,0.000,0.000,0.000,0.000,1.000,2.571,5.000,0.000,0.000,0.000,0.000,0.000,0.000,0.000,0.000,0.000,0.000,0.000,0.000,0.000,0.000,0.000,0.000,0.000,0.000,0.000,0.000,0.000,0.000,0.000,0.000,0.000,0.000,0.000
1100668,CCC(=O)O[C@]1(C(=O)CCl)[C@@H](C)C[C@H]2[C@@H]3CCC4=CC(=O)C=C[C@]4(C)[C@@]3(F)[C@@H](O)C[C@@]21C,0.000,0.000,0.000,7.498,0.106,2.000,0.406,10.000,0.000,0.000,1.273,6.833,0.000,0.000,0.000,0.000,0.000,0.000,0.000,0.000,0.000,0.000,0.000,0.000,0.000,0.000,0.000,0.000,0.000,0.000,4.734,6.041,0.068,2.000,0.130,4.000,2.688,0.000,0.000,0.619,4.608,0.000,0.000,0.000,0.000,0.000,0.000,0.000,0.000,0.000,0.000,0.000,0.000,0.000,0.000,0.000,0.000,0.000,0.000,0.000,0.250,1.000,0.000,0.000,0.706,0.000,0.000,0.000,0.000,0.000,0.000,0.000,0.000,0.000,0.000,0.000,0.000,0.000,0.000,0.000,0.000
1100991,NC(=O)NCCCCNC(N)=O,0.000,0.000,0.000,2.333,0.000,0.000,0.000,0.000,1.385,2.000,0.643,2.000,0.000,0.000,0.000,0.000,0.000,0.000,0.000,0.000,0.000,0.000,0.000,0.000,0.000,0.000,0.000,0.000,0.000,0.000,3.309,7.485,0.000,0.000,0.000,0.000,2.113,1.263,4.829,0.638,5.000,0.000,0.000,0.000,0.000,0.000,0.000,0.000,0.000,0.000,0.000,1.000,2.500,5.000,0.000,0.000,0.000,0.000,0.000,0.000,0.000,0.000,0.000,0.000,0.000,0.000,0.000,0.000,0.000,0.000,0.000,0.000,0.000,0.000,0.000,0.000,0.000,0.000,0.000,0.000,0.000
1100995,CCCCCNC(N)=O,0.000,0.000,0.000,2.630,0.000,0.000,0.000,0.000,0.714,2.000,0.390,2.000,0.000,0.000,0.000,0.000,0.000,0.000,0.000,0.000,0.000,0.000,0.000,0.000,0.000,0.000,0.000,0.000,0.000,0.000,3.338,7.803,0.000,0.000,0.000,0.000,2.317,0.695,4.200,0.411,5.000,0.000,0.000,0.000,0.000,0.000,0.000,0.000,0.000,0.000,0.000,1.000,2.545,5.000,0.000,0.000,0.000,0.000,0.000,0.000,0.000,0.000,0.000,0.000,0.000,0.000,0.000,0.000,0.000,0.000,0.000,0.000,0.000,0.000,0.000,0.000,0.000,0.000,0.000,0.000,0.000
1100996,CCCCCCNC(N)=O,0.000,0.000,0.000,2.906,0.000,0.000,0.000,0.000,0.545,2.000,0.303,2.000,0.000,0.000,0.000,0.000,0.000,0.000,0.000,0.000,0.000,0.000,0.000,0.000,0.000,0.000,0.000,0.000,0.000,0.000,3.636,8.227,0.000,0.000,0.000,0.000,2.464,0.480,4.500,0.272,5.000,0.000,0.000,0.000,0.000,0.000,0.000,0.000,0.000,0.000,0.000,1.000,2.500,5.000,0.000,0.000,0.000,0.000,0.000,0.000,0.000,0.000,0.000,0.000,0.000,0.000,0.000,0.000,0.000,0.000,0.000,0.000,0.000,0.000,0.000,0.000,0.000,0.000,0.000,0.000,0.000
1100994,NC(=O)NCCCCCNC(N)=O,0.000,0.000,0.000,2.474,0.000,0.000,0.000,0.000,1.197,1.889,0.658,2.000,0.000,0.000,0.000,0.000,0.000,0.000,0.000,0.000,0.000,0.000,0.000,0.000,0.000,0.000,0.000,0.000,0.000,0.000,3.261,7.647,0.000,0.000,0.000,0.000,1.864,1.148,4.488,0.681,5.000,0.000,0.000,0.000,0.000,0.000,0.000,0.000,0.000,0.000,0.000,1.000,2.500,5.000,0.000,0.000,0.000,0.000,0.000,0.000,0.000,0.000,0.000,0.000,0.000,0.000,0.000,0.000,0.000,0.000,0.000,0.000,0.000,0.000,0.000,0.000,0.000,0.000,0.000,0.000,0.000
1100654,CCn1cc(C(=O)O)c(=O)c2cc(F)c(N3CCNCC3)nc21,0.000,0.000,0.000,4.974,0.000,0.000,0.232,4.000,1.575,6.089,1.041,3.273,0.000,0.000,0.000,0.000,0.000,0.000,0.000,0.000,0.000,0.000,0.000,0.000,0.000,0.000,0.000,0.000,0.000,0.000,0.000,0.000,0.000,0.000,0.000,0.000,0.000,0.000,0.000,0.000,0.000,0.000,0.000,0.000,0.000,0.000,0.000,0.000,0.000,0.250,1.000,1.489,0.773,0.653,0.000,0.000,0.000,0.000,0.000,0.000,0.000,0.000,0.000,0.000,2.315,0.000,0.000,0.000,0.000,0.000,0.000,0.000,0.000,0.000,0.000,0.000,0.000,0.000,0.000,0.000,0.000
1100667,NS(=O)(=O)c1cc(Cl)c(Cl)c(S(N)(=O)=O)c1,0.000,0.000,0.000,5.000,1.142,3.000,0.000,0.000,0.355,1.000,1.291,2.000,0.000,0.000,0.927,3.000,0.000,0.000,1.000,0.000,0.000,0.000,0.000,0.000,0.000,0.000,0.000,0.000,0.000,0.000,0.968,1.000,0.439,1.000,0.000,0.000,0.672,0.692,2.000,1.815,2.737,0.000,0.000,1.127,3.480,0.000,0.000,0.000,0.000,0.000,0.000,0.000,4.000,2.000,0.000,0.000,1.000,1.000,0.000,0.000,0.468,1.000,0.000,0.000,1.000,0.000,0.000,1.000,2.000,0.000,0.000,0.000,0.000,0.000,0.000,0.000,0.000,0.000,0.500,0.556,0.000
1100998,CCCCCCCNC(N)=O,0.000,0.000,0.000,2.973,0.000,0.000,0.000,0.000,0.494,2.000,0.259,2.000,0.000,0.000,0.000,0.000,0.000,0.000,0.000,0.000,0.000,0.000,0.000,0.000,0.000,0.000,0.000,0.000,0.000,0.000,3.719,8.558,0.000,0.000,0.000,0.000,2.811,0.453,4.636,0.264,5.000,0.000,0.000,0.000,0.000,0.000,0.000,0.000,0.000,0.000,0.000,1.000,1.889,4.000,0.000,0.000,0.000,0.000,0.000,0.000,0.000,0.000,0.000,0.000,0.000,0.000,0.000,0.000,0.000,0.000,0.000,0.000,0.000,0.000,0.000,0.000,0.000,0.000,0.000,0.000,0.000
1101002,CCCCCCCCCNC(N)=O,0.000,0.000,0.000,3.156,0.000,0.000,0.000,0.000,0.500,1.800,0.260,2.000,0.000,0.000,0.000,0.000,0.000,0.000,0.000,0.000,0.000,0.000,0.000,0.000,0.000,0.000,0.000,0.000,0.000,0.000,3.949,8.721,0.000,0.000,0.000,0.000,2.431,0.527,4.636,0.316,5.000,0.000,0.000,0.000,0.000,0.000,0.000,0.000,0.000,0.000,0.000,1.000,2.545,5.000,0.000,0.000,0.000,0.000,0.000,0.000,0.000,0.000,0.000,0.000,0.000,0.000,0.000,0.000,0.000,0.000,0.000,0.000,0.000,0.000,0.000,0.000,0.000,0.000,0.000,0.000,0.000
1100684,COc1ccc(OC)c2cc3ccccc3cc12,0.000,0.000,0.000,6.483,0.000,0.000,0.000,0.000,0.000,0.000,0.629,5.000,0.000,0.000,0.000,0.000,0.000,0.000,0.000,0.000,0.000,0.000,0.000,0.000,0.000,0.000,0.000,0.000,0.000,0.000,3.342,2.986,0.000,0.000,0.000,0.000,1.708,0.000,0.000,0.724,5.000,0.000,0.000,0.000,0.000,0.000,0.000,0.000,0.000,0.000,0.000,0.000,0.000,0.000,0.000,0.000,0.000,0.000,0.000,0.000,0.000,0.000,0.000,0.000,0.000,0.000,0.000,0.000,0.000,0.000,0.000,0.000,0.000,0.000,0.000,0.000,0.000,0.000,0.000,0.000,0.000
1101004,CCCCCCCCCCNC(N)=O,0.000,0.000,0.000,3.248,0.000,0.000,0.000,0.000,0.339,2.000,0.193,2.000,0.000,0.000,0.000,0.000,0.000,0.000,0.000,0.000,0.000,0.000,0.000,0.000,0.000,0.000,0.000,0.000,0.000,0.000,4.076,8.785,0.000,0.000,0.000,0.000,2.165,0.340,4.696,0.200,5.000,0.000,0.000,0.000,0.000,0.000,0.000,0.000,0.000,0.000,0.000,1.000,2.500,5.000,0.000,0.000,0.000,0.000,0.000,0.000,0.000,0.000,0.000,0.000,0.000,0.000,0.000,0.000,0.000,0.000,0.000,0.000,0.000,0.000,0.000,0.000,0.000,0.000,0.000,0.000,0.000
1101005,CCCCCCCCCCNC(N)=O,0.000,0.000,0.000,3.337,0.000,0.000,0.000,0.000,0.350,2.000,0.197,2.000,0.000,0.000,0.000,0.000,0.000,0.000,0.000,0.000,0.000,0.000,0.000,0.000,0.000,0.000,0.000,0.000,0.000,0.000,4.116,8.929,0.000,0.000,0.000,0.000,2.625,0.336,4.696,0.190,5.000,0.000,0.000,0.000,0.000,0.000,0.000,0.000,0.000,0.000,0.000,1.000,2.500,5.000,0.000,0.000,0.000,0.000,0.000,0.000,0.000,0.000,0.000,0.000,0.000,0.000,0.000,0.000,0.000,0.000,0.000,0.000,0.000,0.000,0.000,0.000,0.000,0.000,0.000,0.000,0.000
1101007,CCCCCCCCCCCNC(N)=O,0.000,0.000,0.000,3.382,0.000,0.000,0.000,0.000,0.403,1.800,0.214,2.000,0.000,0.000,0.000,0.000,0.000,0.000,0.000,0.000,0.000,0.000,0.000,0.000,0.000,0.000,0.000,0.000,0.000,0.000,4.094,8.820,0.000,0.000,0.000,0.000,2.244,0.442,4.636,0.271,5.000,0.000,0.000,0.000,0.000,0.000,0.000,0.000,0.000,0.000,0.000,1.000,2.000,4.000,0.000,0.000,0.000,0.000,0.000,0.000,0.000,0.000,0.000,0.000,0.000,0.000,0.000,0.000,0.000,0.000,0.000,0.000,0.000,0.000,0.000,0.000,0.000,0.000,0.000,0.000,0.000
1101009,CCCCCCCCCCCCNC(N)=O,0.000,0.000,0.000,3.370,0.000,0.000,0.000,0.000,0.311,2.000,0.176,2.000,0.000,0.000,0.000,0.000,0.000,0.000,0.000,0.000,0.000,0.000,0.000,0.000,0.000,0.000,0.000,0.000,0.000,0.000,4.238,9.052,0.000,0.000,0.000,0.000,2.645,0.286,4.500,0.126,4.000,0.000,0.000,0.000,0.000,0.000,0.000,0.000,0.000,0.000,0.000,1.000,2.500,5.000,0.000,0.000,0.000,0.000,0.000,0.000,0.000,0.000,0.000,0.000,0.000,0.000,0.000,0.000,0.000,0.000,0.000,0.000,0.000,0.000,0.000,0.000,0.000,0.000,0.000,0.000,0.000
1101010,CCCCCCCCCCCCCNC(N)=O,0.000,0.000,0.000,3.381,0.000,0.000,0.000,0.000,0.299,2.000,0.158,2.000,0.000,0.000,0.000,0.000,0.000,0.000,0.000,0.000,0.000,0.000,0.000,0.000,0.000,0.000,0.000,0.000,0.000,0.000,4.270,9.123,0.000,0.000,0.000,0.000,2.523,0.283,4.696,0.163,5.000,0.000,0.000,0.000,0.000,0.000,0.000,0.000,0.000,0.000,0.000,1.000,2.444,5.000,0.000,0.000,0.000,0.000,0.000,0.000,0.000,0.000,0.000,0.000,0.000,0.000,0.000,0.000,0.000,0.000,0.000,0.000,0.000,0.000,0.000,0.000,0.000,0.000,0.000,0.000,0.000
1101011,CCCCCCCCCCCCCNC(N)=O,0.000,0.000,0.000,3.462,0.000,0.000,0.000,0.000,0.285,2.000,0.160,2.000,0.000,0.000,0.000,0.000,0.000,0.000,0.000,0.000,0.000,0.000,0.000,0.000,0.000,0.000,0.000,0.000,0.000,0.000,4.284,9.226,0.000,0.000,0.000,0.000,2.749,0.274,4.696,0.122,4.000,0.000,0.000,0.000,0.000,0.000,0.000,0.000,0.000,0.000,0.000,1.000,2.500,5.000,0.000,0.000,0.000,0.000,0.000,0.000,0.000,0.000,0.000,0.000,0.000,0.000,0.000,0.000,0.000,0.000,0.000,0.000,0.000,0.000,0.000,0.000,0.000,0.000,0.000,0.000,0.000
1101012,CCCCCCCCCCCCCNC(N)=O,0.000,0.000,0.000,3.450,0.000,0.000,0.000,0.000,0.264,2.000,0.146,2.000,0.000,0.000,0.000,0.000,0.000,0.000,0.000,0.000,0.000,0.000,0.000,0.000,0.000,0.000,0.000,0.000,0.000,0.000,4.278,9.135,0.000,0.000,0.000,0.000,2.479,0.282,4.500,0.164,5.000,0.000,0.000,0.000,0.000,0.000,0.000,0.000,0.000,0.000,0.000,1.000,2.000,4.000,0.000,0.000,0.000,0.000,0.000,0.000,0.000,0.000,0.000,0.000,0.000,0.000,0.000,0.000,0.000,0.000,0.000,0.000,0.000,0.000,0.000,0.000,0.000,0.000,0.000,0.000,0.000
1101001,CCCCCCCCNC(N)=O,0.000,0.000,0.000,3.069,0.000,0.000,0.000,0.000,0.450,2.000,0.230,2.000,0.000,0.000,0.000,0.000,0.000,0.000,0.000,0.000,0.000,0.000,0.000,0.000,0.000,0.000,0.000,0.000,0.000,0.000,3.952,8.591,0.000,0.000,0.000,0.000,2.782,0.355,4.829,0.198,5.000,0.000,0.000,0.000,0.000,0.000,0.000,0.000,0.000,0.000,0.000,1.000,2.500,5.000,0.000,0.000,0.000,0.000,0.000,0.000,0.000,0.000,0.000,0.000,0.000,0.000,0.000,0.000,0.000,0.000,0.000,0.000,0.000,0.000,0.000,0.000,0.000,0.000,0.000,0.000,0.000
1500039,NC(=O)c1ccccc1,0.000,0.000,0.000,5.394,0.000,0.000,0.000,0.000,0.415,3.000,0.415,3.000,0.000,0.000,0.000,0.000,0.000,0.000,0.000,0.000,0.000,0.000,0.000,0.000,0.000,0.000,0.000,0.000,0.000,0.000,3.326,3.320,0.000,0.000,0.000,0.000,1.015,0.426,3.000,0.553,4.000,0.000,0.000,0.000,0.000,0.000,0.000,0.000,0.000,0.000,0.000,0.000,1.000,1.000,0.000,0.000,0.000,0.000,0.000,0.000,0.000,0.000,0.000,0.000,0.000,0.000,0.000,0.000,0.000,0.000,0.000,0.000,0.000,0.000,0.000,0.000,0.000,0.000,0.000,0.000,0.000
1101013,CCCCCCCCCCCCCCNC(N)=O,0.000,0.000,0.000,3.445,0.000,0.000,0.000,0.000,0.329,2.000,0.178,2.000,0.000,0.000,0.000,0.000,0.000,0.000,0.000,0.000,0.000,0.000,0.000,0.000,0.000,0.000,0.000,0.000,0.000,0.000,4.256,9.039,0.000,0.000,0.000,0.000,1.799,0.366,4.696,0.225,5.000,0.000,0.000,0.000,0.000,0.000,0.000,0.000,0.000,0.000,0.000,1.000,2.000,4.000,0.000,0.000,0.000,0.000,0.000,0.000,0.000,0.000,0.000,0.000,0.000,0.000,0.000,0.000,0.000,0.000,0.000,0.000,0.000,0.000,0.000,0.000,0.000,0.000,0.000,0.000,0.000
